{"forces": {"__ndarray__": [[4, 3], "float64", [-0.11435120957404711, -0.11511829599729839, 0.059985029110795465, -0.01671690787962938, -0.03099912044201458, 0.017221718929321433, 0.12399790173701895, 0.1298939574408534, -0.07047379351497678, 0.0070702157166575305, 0.016223458947037504, -0.006732954525140135]]}, "energy": -1535.6483975897734, "dipole": {"__ndarray__": [[3], "float64", [-0.011186806231319601, 0.00032808987054958153, -0.36986841132359677]]}}