{"forces": {"__ndarray__": [[4, 3], "float64", [-0.32081698288139004, 3.496700562152684e-09, -0.10440157289029689, 0.3533305794099068, 3.393856427971723e-09, 0.12388939022255774, -0.01625680137529344, 0.0028681712586311604, -0.009743906712091877, -0.01625679520464539, -0.0028681781491881504, -0.009743910568746909]]}, "energy": -1535.6472361735316, "dipole": {"__ndarray__": [[3], "float64", [-0.010408915731790756, 0.0, -0.36860896956245487]]}}