{"forces": {"__ndarray__": [[4, 3], "float64", [-0.010379597926851562, 0.5605107653060313, 0.00826228865797364, 0.0016943826673986814, -0.050932006049356965, 0.0005415477457524993, -0.10938306496801624, -0.2497512584850138, 0.14612979609627677, 0.11806828022746911, -0.2598275007716606, -0.15493363255142498]]}, "energy": -1535.6462159488724, "dipole": {"__ndarray__": [[3], "float64", [-0.010012032823867874, 0.0028363898486221885, -0.3694344860109344]]}}