{"forces": {"__ndarray__": [[4, 3], "float64", [5.526329550213955e-07, 1.033583548518661e-08, -0.00016371665160546463, -4.733817794422176e-05, -6.736290788852965e-09, 8.418635704611966e-05, 2.3394829377283804e-05, 4.081595722066647e-05, 3.97678726492283e-05, 2.339071561191656e-05, -4.08195567653628e-05, 3.97624219101167e-05]]}, "energy": -1535.6490184888667, "dipole": {"__ndarray__": [[3], "float64", [-0.009985573963339683, -0.0, -0.36942919423882875]]}}