{"forces": {"__ndarray__": [[4, 3], "float64", [-0.11908831668383485, 0.2596965478957901, 0.10778136013786853, 0.002775748063456421, 0.0005243311748920026, 0.0021431075656710135, -0.0162056428462968, 0.02498733294843461, 0.016136612783571126, 0.13251821141525316, -0.2852082120191167, -0.12606108053853274]]}, "energy": -1535.6476007612328, "dipole": {"__ndarray__": [[3], "float64", [-0.009636317004367548, 0.0007355563226837392, -0.3701912094220407]]}}