{"forces": {"__ndarray__": [[4, 3], "float64", [-0.08681250787773025, -0.15171775535385312, 0.0779903966370029, 0.009786268365227216, 0.012629143052173886, 0.0010485068494531236, 0.07025566486018985, 0.12307300566927508, -0.07951844537242533, 0.0067705746523131945, 0.016015606632404145, 0.00047954193739138895]]}, "energy": -1535.6486192824048, "dipole": {"__ndarray__": [[3], "float64", [-0.009101848021698068, 0.0015240303664238626, -0.3679845404539895]]}}