{"forces": {"__ndarray__": [[4, 3], "float64", [0.11547719595460193, 0.11218624860688194, -0.05835678931132153, 0.01612832287786927, 0.03049679811752557, -0.017037867761658422, -0.1245855374359985, -0.1266166118983657, 0.06876450600716572, -0.007019981396472707, -0.016066434826041795, 0.006630151065814241]]}, "energy": -1535.6483959228583, "dipole": {"__ndarray__": [[3], "float64", [-0.00879492523957104, -0.00034396518686649673, -0.36899526892616646]]}}