{"forces": {"__ndarray__": [[4, 3], "float64", [-0.009494317368172129, 0.0002498776160278588, 0.22234663581771416, -0.11044806734810511, -4.411180318876373e-05, -0.06633336081801137, 0.059937576107375434, 0.10506219131203318, -0.07799535120458913, 0.060004808608901825, -0.10526795712487226, -0.07801792374369157]]}, "energy": -1535.6479008997185, "dipole": {"__ndarray__": [[3], "float64", [-0.009943239786494576, 0.0, -0.3649311879490361]]}}