{"forces": {"__ndarray__": [[4, 3], "float64", [-0.16227871546605432, -2.9824798912478776e-09, -0.06892260546642841, 0.12811929186552146, 2.0568826836192258e-09, 0.0705456799192631, 0.017079713394350507, 0.0021594553607080166, -0.0008115381263035249, 0.017079710206182347, -0.0021594544351108092, -0.0008115363265311767]]}, "energy": -1535.6486666830065, "dipole": {"__ndarray__": [[3], "float64", [-0.008233997396373368, 0.0, -0.37094793283314703]]}}