{"forces": {"__ndarray__": [[4, 3], "float64", [-0.01037684664057395, -0.5604370188627342, 0.00835262987649602, 0.0016663157832717576, 0.05091701667106628, 0.0005121482073348588, 0.11807281652796164, 0.2598214048912953, -0.1549572441762371, -0.10936228567065943, 0.24969859730037264, 0.14609246609240623]]}, "energy": -1535.6462159518383, "dipole": {"__ndarray__": [[3], "float64", [-0.010012032823867874, -0.00283109807651655, -0.36943977778304005]]}}