{"forces": {"__ndarray__": [[4, 3], "float64", [-0.5489623023994492, -3.5995446963336454e-10, 0.016488882996608827, 0.32047716457332037, -2.0054606165287453e-09, 0.15776206427096587, 0.11424257490373523, 0.11635682404540058, -0.08712547203970326, 0.11424256297381566, -0.11635682167998551, -0.08712547522787142]]}, "energy": -1535.6462549814287, "dipole": {"__ndarray__": [[3], "float64", [-0.01279550495143368, 0.0, -0.36947682018777955]]}}