{"forces": {"__ndarray__": [[4, 3], "float64", [0.11551082670638806, -0.11207675981603565, -0.05839202880247656, 0.016125850247773223, -0.030534174349834416, -0.017028269832835983, -0.007047333822399474, 0.016000735164913307, 0.006649965428082082, -0.12458934313176181, 0.12661019900095677, 0.06877033325865253]]}, "energy": -1535.648395922559, "dipole": {"__ndarray__": [[3], "float64", [-0.008789633467465401, 0.00034925695897213515, -0.3690005606982721]]}}