{"forces": {"__ndarray__": [[4, 3], "float64", [0.08538220112756999, 0.14904197405139152, -0.08016987281957812, -0.009849227847244586, -0.012475084493209354, -0.0008431968418167185, -0.06891297910120286, -0.12064339013235051, 0.08129090041593721, -0.00661999417912253, -0.015923499425831673, -0.00027783075454237825]]}, "energy": -1535.6486128128706, "dipole": {"__ndarray__": [[3], "float64", [-0.010885175221298213, -0.001545197454846416, -0.37083151384682295]]}}