{"forces": {"__ndarray__": [[4, 3], "float64", [-0.0014633589522695472, -0.05091341851476577, -0.000615816380140945, 0.0012338880293003443, 0.052131003383383334, 0.0006607214715587137, -0.030663107366909605, -0.0005966005193119705, -0.01258273653924121, 0.030892578289878805, -0.0006209843493056055, 0.012537831499245507]]}, "energy": -1535.648757843898, "dipole": {"__ndarray__": [[3], "float64", [-0.009980282191234043, -0.0013864442916772639, -0.36942390246672313]]}}