{"forces": {"__ndarray__": [[4, 3], "float64", [-0.11438540961953797, 0.11501076993533092, 0.060020495836064974, -0.016714677910267935, 0.03103674190616138, 0.017211474985070137, 0.007096834092576582, -0.01615833696141071, -0.006752538208015007, 0.12400325343722934, -0.1298891748800816, -0.0704794326131201]]}, "energy": -1535.6483975894196, "dipole": {"__ndarray__": [[3], "float64", [-0.011186806231319601, -0.00032808987054958153, -0.36986311955149115]]}}