{"forces": {"__ndarray__": [[4, 3], "float64", [0.1107767429056128, 0.24979594487838022, -0.09995497243454379, -0.0027278550928303592, 0.000680795926641898, -0.0020465316272021807, -0.12414091236771323, -0.27467654232770683, 0.11789359488899878, 0.016092024503508703, 0.02419980152268468, -0.01589209082725281]]}, "energy": -1535.6476364269242, "dipole": {"__ndarray__": [[3], "float64", [-0.010355998010734372, 0.0007143892342611856, -0.3686777625998281]]}}