{"forces": {"__ndarray__": [[4, 3], "float64", [0.164358999252543, -2.4271215666706867e-08, 0.06639844716814569, -0.12996685259182986, 8.124686600295941e-09, -0.06842845266858219, -0.01719608214924107, -0.0020521432659616977, 0.0010150160685336303, -0.017196064460049988, 0.0020521594124907638, 0.0010149894319028774]]}, "energy": -1535.6486749200562, "dipole": {"__ndarray__": [[3], "float64", [-0.011710691669777805, 0.0, -0.3678734132397711]]}}