{"forces": {"__ndarray__": [[4, 3], "float64", [0.11076639894544103, -0.2497943046172842, -0.0998935350457123, -0.002722832288161096, -0.0006756200899009728, -0.002046766677470851, 0.016105191432319626, -0.024185338243562407, -0.01595482256093504, -0.12414875814102162, 0.2746552629507476, 0.11789512433554027]]}, "energy": -1535.647636426162, "dipole": {"__ndarray__": [[3], "float64", [-0.010350706238628734, -0.0007143892342611856, -0.3686777625998281]]}}