{"forces": {"__ndarray__": [[4, 3], "float64", [0.571485479917027, -1.2649828504258237e-08, -0.0011535846553843612, -0.3401084634081438, 1.4912399456239388e-09, -0.16907691348716578, -0.11568850696888988, -0.11342444246297007, 0.0851152477857234, -0.11568850953999323, 0.11342445362155863, 0.08511525030540466]]}, "energy": -1535.6461798775406, "dipole": {"__ndarray__": [[3], "float64", [-0.007117433482083663, 0.0, -0.3693921518340893]]}}