{"forces": {"__ndarray__": [[4, 3], "float64", [0.0852784518621641, -0.14904274219422975, -0.08020837457809145, -0.00980237684196398, 0.012467265099421374, -0.0007785409972281002, -0.006608599100477346, 0.015942446812048372, -0.0002866808522431196, -0.06886747591972277, 0.12063303028276, 0.08127359642756267]]}, "energy": -1535.6486128134418, "dipole": {"__ndarray__": [[3], "float64", [-0.010885175221298213, 0.0015504892269520545, -0.37083151384682295]]}}