{"forces": {"__ndarray__": [[4, 3], "float64", [-0.08688629921249197, 0.15178796724994673, 0.07805073287368972, 0.009805069044286503, -0.012640668434337074, 0.0010518295891623092, 0.006767731629067897, -0.016024609607910346, 0.0004799918290563635, 0.07031349859055963, -0.12312268920769928, -0.07958255429190839]]}, "energy": -1535.6486192833843, "dipole": {"__ndarray__": [[3], "float64", [-0.009101848021698068, -0.0015240303664238626, -0.36797924868188386]]}}