{"forces": {"__ndarray__": [[4, 3], "float64", [0.3398105227687141, 7.025282805901465e-06, 0.11465110846863584, -0.372913840983784, -1.5666246959785834e-06, -0.13441673860913764, 0.016551014840456374, -0.00267529268998008, 0.009883377396265576, 0.01655230337461353, 0.002669834031870158, 0.00988225274423624]]}, "energy": -1535.6471702998817, "dipole": {"__ndarray__": [[3], "float64", [-0.00953048156225478, 0.0, -0.37026529423151966]]}}