{"forces": {"__ndarray__": [[4, 3], "float64", [0.008182711055112571, -1.131285475990574e-08, -0.22930216479529564, 0.10841175117732905, -2.7253695557954742e-09, 0.06892233267236249, -0.058297229239315365, -0.10239298560640078, 0.08018991374747356, -0.058297232993126266, 0.1023929996446251, 0.0801899183754596]]}, "energy": -1535.6478752718444, "dipole": {"__ndarray__": [[3], "float64", [-0.010027908140184791, 0.0, -0.3737049461001846]]}}