{"forces": {"__ndarray__": [[4, 3], "float64", [-0.11914050056884927, -0.2596595053926967, 0.10778038959777425, 0.0028074148522341477, -0.0005273435824262971, 0.002206062779656815, 0.1325212213031062, 0.2852017408090837, -0.12606096406755077, -0.01618813558649104, -0.02501489178253868, 0.016074511690119697]]}, "energy": -1535.6476007612328, "dipole": {"__ndarray__": [[3], "float64", [-0.009636317004367548, -0.0007408480947893776, -0.3701912094220407]]}}