{"forces": {"__ndarray__": [[4, 3], "float64", [-0.001506513122302885, 0.050912653354407464, -0.0005096060546041067, 0.0012067081244086645, -0.052130306717218404, 0.000625362475519756, 0.030927546478207876, 0.0006802908590989353, 0.01250236683085868, -0.03062774142889159, 0.0005373625037120052, -0.012618123303196395]]}, "energy": -1535.6487578436802, "dipole": {"__ndarray__": [[3], "float64", [-0.009974990419128405, 0.0013864442916772639, -0.3694344860109344]]}}